img_width,img_height,img_url
500,375,https://elystria.github.io/server/images/train_bicycle/2007_000515.jpg
500,375,https://elystria.github.io/server/images/train_bicycle/2007_000584.jpg
500,375,https://elystria.github.io/server/images/train_bicycle/2007_000793.jpg
500,375,https://elystria.github.io/server/images/train_bicycle/2007_001027.jpg
500,333,https://elystria.github.io/server/images/train_bicycle/2007_002227.jpg
500,375,https://elystria.github.io/server/images/train_bicycle/2007_004769.jpg
500,375,https://elystria.github.io/server/images/train_bicycle/2007_005064.jpg
500,375,https://elystria.github.io/server/images/train_bicycle/2007_005273.jpg
334,500,https://elystria.github.io/server/images/train_bicycle/2007_005368.jpg
500,375,https://elystria.github.io/server/images/train_bicycle/2007_005430.jpg
333,500,https://elystria.github.io/server/images/train_bicycle/2007_005702.jpg
500,375,https://elystria.github.io/server/images/train_bicycle/2007_006317.jpg
374,500,https://elystria.github.io/server/images/train_bicycle/2007_006581.jpg
500,333,https://elystria.github.io/server/images/train_bicycle/2007_006661.jpg
500,375,https://elystria.github.io/server/images/train_bicycle/2007_007447.jpg
500,375,https://elystria.github.io/server/images/train_bicycle/2007_009295.jpg
500,375,https://elystria.github.io/server/images/train_bicycle/2007_009618.jpg
500,375,https://elystria.github.io/server/images/train_bicycle/2007_009788.jpg
375,500,https://elystria.github.io/server/images/train_bicycle/2008_000764.jpg
500,333,https://elystria.github.io/server/images/train_bicycle/2008_001375.jpg
333,500,https://elystria.github.io/server/images/train_bicycle/2008_001402.jpg
333,500,https://elystria.github.io/server/images/train_bicycle/2008_001523.jpg
500,333,https://elystria.github.io/server/images/train_bicycle/2008_001566.jpg
500,332,https://elystria.github.io/server/images/train_bicycle/2008_002894.jpg
500,375,https://elystria.github.io/server/images/train_bicycle/2008_003329.jpg
500,375,https://elystria.github.io/server/images/train_bicycle/2008_004441.jpg
500,375,https://elystria.github.io/server/images/train_bicycle/2008_005650.jpg
500,375,https://elystria.github.io/server/images/train_bicycle/2008_005713.jpg
500,375,https://elystria.github.io/server/images/train_bicycle/2008_005839.jpg
500,375,https://elystria.github.io/server/images/train_bicycle/2009_000015.jpg
500,374,https://elystria.github.io/server/images/train_bicycle/2009_000161.jpg
500,375,https://elystria.github.io/server/images/train_bicycle/2009_001096.jpg
500,333,https://elystria.github.io/server/images/train_bicycle/2009_001481.jpg
500,375,https://elystria.github.io/server/images/train_bicycle/2009_002519.jpg
334,500,https://elystria.github.io/server/images/train_bicycle/2009_002715.jpg
333,500,https://elystria.github.io/server/images/train_bicycle/2009_003007.jpg
500,333,https://elystria.github.io/server/images/train_bicycle/2009_003075.jpg
500,375,https://elystria.github.io/server/images/train_bicycle/2009_003164.jpg
500,375,https://elystria.github.io/server/images/train_bicycle/2009_003353.jpg
500,375,https://elystria.github.io/server/images/train_bicycle/2009_003519.jpg
500,375,https://elystria.github.io/server/images/train_bicycle/2009_003646.jpg
500,375,https://elystria.github.io/server/images/train_bicycle/2009_003860.jpg
500,375,https://elystria.github.io/server/images/train_bicycle/2009_004561.jpg
500,375,https://elystria.github.io/server/images/train_bicycle/2010_000632.jpg
500,375,https://elystria.github.io/server/images/train_bicycle/2010_000685.jpg
500,333,https://elystria.github.io/server/images/train_bicycle/2010_001183.jpg
500,405,https://elystria.github.io/server/images/train_bicycle/2010_001514.jpg
500,375,https://elystria.github.io/server/images/train_bicycle/2010_001922.jpg
375,500,https://elystria.github.io/server/images/train_bicycle/2010_002055.jpg
500,328,https://elystria.github.io/server/images/train_bicycle/2010_002720.jpg
500,375,https://elystria.github.io/server/images/train_bicycle/2010_003062.jpg
500,375,https://elystria.github.io/server/images/train_bicycle/2010_003093.jpg
500,375,https://elystria.github.io/server/images/train_bicycle/2010_003799.jpg
500,375,https://elystria.github.io/server/images/train_bicycle/2010_004069.jpg
364,500,https://elystria.github.io/server/images/train_bicycle/2010_004072.jpg
500,375,https://elystria.github.io/server/images/train_bicycle/2010_004154.jpg
500,375,https://elystria.github.io/server/images/train_bicycle/2010_005111.jpg
500,375,https://elystria.github.io/server/images/train_bicycle/2010_005810.jpg
500,317,https://elystria.github.io/server/images/train_bicycle/2011_000453.jpg
500,332,https://elystria.github.io/server/images/train_bicycle/2011_000589.jpg
500,375,https://elystria.github.io/server/images/train_bicycle/2011_001632.jpg
500,333,https://elystria.github.io/server/images/train_bicycle/2011_002111.jpg
466,500,https://elystria.github.io/server/images/train_bicycle/2011_002135.jpg
500,357,https://elystria.github.io/server/images/train_bicycle/2011_002585.jpg
448,336,https://elystria.github.io/server/images/train_bicycle/2011_002656.jpg
